TIME,CH,ADC
2213774224,14,333
2224352480,19,199
2234931760,14,337
2235032984,19,199
2235135232,14,338
2235136328,19,200
2235138448,14,338
2235138584,19,200
2235139744,14,338
2235139872,19,201
2235141024,14,338
2235141152,19,201
2235142304,14,339
2235142432,19,201
2235143584,14,339
2235143712,19,200
2235144864,14,338
2235144992,19,200
2235146144,14,338
2235146272,19,200
2235147424,14,338
2235147552,19,201
2235148704,14,338
2235148832,19,201
2235149984,14,339
2235150112,19,200
2235151264,14,339
2235151392,19,200
2235152544,14,339
2235152672,19,200
2235153824,14,338
2235153952,19,200
2235155104,14,339
2235155232,19,201
2235156384,14,338
2235156512,19,201
2235157664,14,339
2235157792,19,200
2235158944,14,339
2235159072,19,200
2235160224,14,339
2235160352,19,201
2235161504,14,339
2235161632,19,200
2235162784,14,339
2235162912,19,201
2235164064,14,339
2235164192,19,201
2235165344,14,339
2235165472,19,201
2235166624,14,339
2235166752,19,201
2235167904,14,339
2235168032,19,200
2235169184,14,339
2235169312,19,200
2235170464,14,339
2235170592,19,201
2235171744,14,339
2235171872,19,201
2235173024,14,339
2235173152,19,200
2235174304,14,339
2235174432,19,200
2235175584,14,339
2235175712,19,200
2235176864,14,339
2235176992,19,201
2235178144,14,339
2235178272,19,200
2235179424,14,339
2235179552,19,200
2235180704,14,339
2235180832,19,201
2235181984,14,338
2235183264,14,339
2235183392,19,200
2235184544,14,339
2235184672,19,200
2235185824,14,339
2235187104,14,338
2235187232,19,200
2235188384,14,339
2235188512,19,201
2235189664,14,339
2235189792,19,200
2235190944,14,339
2235191072,19,200
2235192224,14,339
2235192352,19,201
2235193504,14,339
2235193632,19,201
2235194784,14,339
2235194912,19,201
2235196064,14,339
2235196192,19,201
2235197344,14,339
2235197472,19,201
2235198624,14,339
2235198752,19,201
2235199904,14,339
2235200032,19,201
2235201184,14,339
2235201312,19,201
2235202464,14,339
2235202592,19,201
2235203744,14,340
2235203872,19,201
2235205024,14,339
2235205152,19,201
2235206304,14,339
2235206432,19,201
2235207584,14,339
2235207712,19,201
2235208864,14,340
2235208992,19,201
2235210144,14,339
2235210272,19,201
2235211424,14,339
2235211552,19,201
2235212704,14,339
2235212832,19,201
2235213984,14,339
2235214112,19,201
2235215264,14,339
2235215392,19,201
2235216544,14,339
2235216672,19,201
2235217824,14,339
2235217952,19,201
2235219104,14,339
2235219232,19,201
2235220384,14,339
2235220512,19,201
2235221664,14,339
2235221792,19,201
2235222944,14,339
2235223072,19,201
2235224224,14,340
2235224352,19,201
2235225504,14,340
2235225632,19,201
2235226784,14,339
2235226912,19,201
2235228064,14,339
2235228192,19,202
2235229344,14,339
2235229472,19,201
2235230624,14,339
2235230752,19,201
2235231904,14,339
2235232032,19,201
2235233184,14,339
2235233312,19,201
2235234464,14,339
2235234592,19,202
2235235744,14,339
2235235872,19,202
2235302312,14,340
2235302440,19,204
2235303592,14,339
2235303720,19,203
2235304872,14,339
2235305000,19,203
2235306152,14,340
2235306280,19,204
2235307432,14,339
2235307560,19,204
2235308712,14,339
2235308840,19,203
2235309992,14,339
2235310120,19,204
2235311272,14,339
2235311400,19,203
2235312552,14,340
2235312680,19,204
2235313832,14,340
2235313960,19,203
2235315112,14,340
2235315240,19,204
2235316392,14,340
2235316520,19,203
2235317672,14,340
2235317800,19,204
2235318952,14,340
2235319080,19,204
2235320232,14,339
2235320360,19,204
2235321512,14,340
2235321640,19,204
2235322792,14,340
2235322920,19,204
2235324072,14,340
2235324200,19,204
2235325352,14,340
2235325480,19,204
2235326632,14,340
2235326760,19,204
2235327912,14,340
2235328040,19,204
2235329192,14,339
2235329320,19,204
2235330480,14,340
2235330608,19,204
2235331760,14,339
2235331888,19,203
2235333040,14,339
2235333168,19,204
2235334320,14,339
2235334448,19,203
2235335600,14,339
2235335728,19,204
2235336880,14,340
2235337008,19,204
2235338160,14,339
2235338288,19,204
2235339448,14,340
2235339576,19,204
2235340728,14,339
2235340856,19,204
2235342008,14,339
2235342136,19,204
2235343288,14,340
2235343416,19,204
2235344568,14,339
2235344696,19,204
2235345848,14,339
2235345976,19,204
2235347136,14,340
2235347264,19,204
2235348416,14,339
2235348544,19,204
2235349696,14,339
2235349824,19,204
2235350976,14,339
2235351104,19,204
2235352256,14,340
2235352384,19,204
2235353536,14,339
2235353664,19,204
2235354816,14,340
2235354944,19,204
2235356096,14,340
2235356224,19,204
2235357376,14,339
2235357504,19,204
2235358656,14,340
2235358784,19,204
2235359936,14,340
2235360064,19,204
2235361216,14,339
2235361344,19,204
2235362496,14,340
2235362624,19,204
2235363776,14,340
2235363904,19,204
2235365056,14,340
2235365184,19,204
2235366336,14,340
2235366464,19,204
2235367616,14,339
2235367744,19,204
2235368896,14,339
2235369024,19,204
2235370176,14,340
2235370304,19,204
2235371456,14,340
2235371584,19,204
2235372736,14,339
2235372864,19,204
2235374016,14,339
2235374144,19,204
2235375296,14,340
2235375424,19,204
2235376576,14,339
2235376704,19,204
2235377856,14,339
2235377984,19,204
2235379136,14,340
2235379264,19,204
2235380416,14,340
2235380544,19,204
2235381696,14,339
2235381824,19,204
2235382976,14,339
2235383104,19,204
2235384256,14,340
2235384384,19,204
2235385536,14,339
2235385664,19,204
2235386816,14,340
2235386944,19,204
2235388096,14,340
2235388224,19,204
2235389376,14,339
2235389504,19,204
2235390656,14,340
2235390784,19,204
2235391936,14,340
2235392064,19,204
2235393216,14,339
2235393344,19,204
2235394504,14,339
2235394632,19,203
2235395784,14,339
2235395912,19,204
2235397072,14,339
2235397200,19,204
2235398352,14,339
2235398480,19,204
2235399632,14,339
2235399760,19,204
2235400912,14,339
2235401040,19,204
2235402192,14,339
2235402320,19,204
2235403472,14,339
2235403600,19,204
2235404752,14,340
2235404880,19,204
2235406032,14,339
2235406160,19,204
2235407312,14,339
2235407440,19,204
2235408592,14,340
2235408720,19,204
2235409872,14,339
2235410000,19,204
2235411152,14,340
2235411280,19,204
2235412432,14,340
2235412560,19,204
2235413712,14,339
2235413840,19,204
2235415000,14,339
2235415128,19,204
2235416280,14,339
2235416408,19,204
2235417560,14,339
2235417688,19,204
2235418840,14,339
2235418968,19,204
2235420120,14,340
2235420248,19,204
2235421400,14,340
2235421528,19,204
2235422680,14,339
2235422808,19,204
2235423968,14,339
2235424096,19,204
2235425248,14,340
2235425376,19,204
2235426528,14,339
2235426656,19,204
2235427808,14,339
2235427936,19,204
2235429088,14,339
2235429216,19,204
2235430368,14,339
2235430496,19,204
2235431656,14,339
2235431784,19,204
2235432944,14,340
2235433080,19,204
2235434232,14,340
2235434360,19,204
2235435512,14,339
2235435640,19,204
2235436792,14,339
2235436920,19,204
2235438072,14,341
2235438208,19,205
2235439360,14,341
2235439488,19,205
2235440640,14,340
2235440768,19,204
2235441920,14,340
2235442048,19,204
2235443208,14,340
2235443336,19,205
2235444488,14,340
2235444616,19,204
2235445768,14,341
2235445896,19,204
2235447048,14,340
2235447176,19,204
2235448328,14,340
2235448456,19,205
2235449608,14,340
2235449736,19,205
2235450888,14,340
2235451016,19,205
2235452168,14,340
2235452296,19,204
2235453448,14,340
2235453576,19,204
2235454728,14,340
2235454856,19,204
2235456008,14,340
2235456136,19,204
2235457288,14,340
2235457416,19,204
2235458568,14,340
2235458696,19,204
2235459848,14,341
2235459976,19,205
2235461128,14,340
2235461256,19,204
2235462408,14,340
2235462536,19,204
2235463688,14,339
2235463816,19,204
2235464968,14,341
2235465096,19,205
2235466248,14,341
2235466376,19,205
2235467528,14,340
2235467656,19,204
2235468808,14,340
2235468936,19,204
2235470088,14,341
2235470216,19,205
2235471368,14,341
2235471496,19,204
2235472648,14,340
2235472776,19,204
2235473928,14,340
2235474056,19,204
2235475208,14,340
2235475336,19,204
2235476488,14,341
2235476616,19,204
2235477768,14,340
2235477896,19,204
2235479048,14,340
2235479176,19,204
2235480328,14,340
2235480456,19,204
2235481608,14,340
2235481736,19,204
2235482888,14,340
2235483016,19,205
2235484168,14,340
2235484296,19,204
2235485448,14,340
2235485576,19,205
2235486728,14,340
2235486856,19,204
2235488008,14,342
2235488136,19,206
2235489288,14,340
2235489416,19,204
2235490568,14,340
2235490696,19,204
2235491848,14,340
2235491976,19,204
2235493128,14,340
2235493256,19,204
2235494408,14,340
2235494536,19,204
2235495688,14,340
2235495816,19,204
2235496968,14,340
2235497096,19,204
2235498248,14,340
2235498376,19,204
2235499528,14,341
2235499656,19,204
2235500808,14,339
2235500936,19,204
2235502088,14,339
2235502216,19,204
2235503368,14,340
2235503496,19,204
2235504648,14,340
2235504776,19,204
2235505928,14,340
2235506056,19,204
2235507208,14,342
2235507336,19,206
2235508488,14,341
2235508616,19,204
2235511048,14,340
2235511176,19,204
2235512328,14,340
2235512456,19,204
2235514888,14,340
2235515016,19,204
2235516168,14,340
2235516296,19,205
2235517448,14,340
2235517576,19,204
2235518728,14,340
2235518856,19,204
2235520008,14,340
2235520136,19,204
2235521288,14,340
2235521416,19,204
2235522568,14,339
2235522696,19,203
2235523848,14,340
2235523976,19,204
2235525128,14,340
2235525256,19,204
2235526408,14,340
2235526536,19,204
2235527688,14,343
2235527816,19,206
2235528968,14,341
2235529096,19,204
2235530248,14,340
2235530376,19,205
2235531528,14,341
2235531656,19,205
2235532808,14,341
2235532936,19,205
2235534088,14,340
2235534216,19,204
2235535368,14,341
2235535496,19,205
2235536648,14,340
2235536776,19,204
2235537928,14,340
2235538056,19,205
2235539208,14,341
2235539336,19,205
2235540488,14,340
2235540616,19,204
2235541768,14,340
2235541896,19,204
2235543048,14,339
2235543176,19,203
2235544328,14,340
2235544456,19,204
2235545608,14,339
2235545736,19,204
2235546888,14,340
2235547016,19,204
2235548168,14,340
2235548296,19,205
2235549448,14,340
2235549576,19,204
2235550728,14,340
2235550856,19,205
2235552008,14,341
2235552136,19,205
2235553288,14,339
2235553416,19,204
2235554568,14,340
2235554696,19,204
2235555848,14,340
2235555976,19,204
2235557128,14,339
2235557256,19,203
2235558408,14,340
2235558536,19,204
2235559688,14,340
2235559816,19,204
2235560968,14,339
2235561096,19,204
2235562248,14,339
2235562376,19,204
2235563528,14,340
2235563656,19,204
2235564808,14,340
2235564936,19,204
2235566088,14,340
2235566216,19,204
2235567368,14,340
2235567496,19,204
2235568648,14,339
2235568776,19,204
2235569928,14,339
2235570056,19,204
2235571208,14,340
2235571336,19,204
2235572488,14,339
2235572616,19,204
2235573768,14,339
2235573896,19,204
2235575048,14,339
2235575176,19,204
2235576328,14,340
2235576456,19,204
2235577608,14,340
2235577736,19,204
2235578888,14,340
2235579016,19,204
2235580168,14,340
2235580296,19,205
2235581448,14,341
2235581576,19,205
2235582728,14,340
2235582856,19,204
2235584008,14,340
2235584136,19,204
2235585288,14,339
2235585416,19,204
2235586568,14,341
2235586696,19,204
2235587848,14,340
2235587976,19,204
2235589128,14,341
2235589256,19,205
2235590408,14,340
2235590536,19,204
2235591688,14,339
2235591816,19,204
2235592968,14,340
2235593096,19,204
2235594248,14,340
2235594376,19,204
2235595528,14,339
2235595656,19,204
2235596808,14,339
2235596936,19,204
2235598096,14,339
2235598224,19,204
2235599376,14,339
2235599504,19,204
2235600656,14,339
2235600784,19,204
2235601936,14,339
2235602064,19,204
2235603216,14,339
2235603344,19,204
2235604496,14,340
2235604624,19,204
2235605776,14,340
2235605904,19,204
2235607056,14,339
2235607184,19,204
2235608336,14,339
2235608464,19,204
2235609616,14,339
2235609744,19,204
2235610896,14,339
2235611024,19,204
2235612176,14,339
2235612304,19,204
2235613456,14,340
2235613584,19,204
2235614736,14,339
2235614864,19,204
2235616024,14,339
2235616152,19,204
2235617304,14,340
2235617432,19,204
2235618584,14,339
2235618712,19,204
2235619864,14,340
2235619992,19,204
2235621144,14,340
2235621272,19,204
2235622424,14,339
2235622552,19,204
2235623704,14,339
2235623832,19,204
2235624984,14,339
2235625112,19,205
2235626264,14,339
2235626392,19,204
2235627552,14,339
2235627680,19,204
2235628832,14,340
2235628960,19,204
2235630112,14,340
2235630240,19,204
2235631392,14,339
2235631520,19,204
2235632672,14,339
2235632800,19,204
2235633952,14,340
2235634080,19,204
2235635232,14,339
2235635360,19,204
2235636520,14,339
2235636648,19,204
2235637800,14,340
2235637928,19,204
2235639080,14,339
2235639208,19,204
2235640360,14,341
2235640488,19,205
2235641640,14,339
2235641768,19,204
2235642920,14,339
2235643048,19,204
2235644200,14,339
2235644328,19,203
2235645480,14,340
2235645608,19,204
2235646760,14,339
2235646888,19,204
2235648040,14,339
2235648168,19,204
2235649320,14,339
2235649448,19,204
2235650600,14,339
2235650728,19,204
2235651880,14,339
2235652008,19,204
2235653168,14,340
2235653296,19,204
2235654448,14,340
2235654576,19,204
2235655728,14,340
2235655856,19,204
2235657008,14,339
2235657136,19,204
2235658288,14,340
2235658416,19,204
2235659568,14,340
2235659696,19,204
2235660848,14,339
2235660976,19,204
2235662128,14,339
2235662256,19,204
2235663408,14,339
2235663536,19,204
2235664688,14,339
2235664816,19,204
2235665976,14,339
2235666104,19,204
2235667256,14,339
2235667384,19,204
2235668536,14,339
2235668664,19,204
2235669816,14,340
2235669944,19,204
2235671096,14,340
2235671224,19,204
2235672376,14,340
2235672504,19,204
2235673656,14,339
2235673784,19,204
2235674944,14,340
2235675072,19,204
2235676224,14,339
2235676352,19,204
2235677504,14,339
2235677632,19,204
2235678784,14,340
2235678912,19,204
2235680064,14,340
2235680192,19,204
2235681344,14,339
2235681472,19,204
2235682624,14,340
2235682752,19,204
2235683904,14,340
2235684032,19,204
2235685184,14,340
2235685312,19,204
2235686464,14,340
2235686592,19,204
2235687744,14,339
2235687872,19,204
2235689024,14,339
2235689152,19,204
2235690304,14,339
2235690432,19,204
2235691592,14,339
2235691720,19,204
2235692872,14,340
2235693000,19,204
2235694152,14,339
2235694280,19,204
2235695432,14,339
2235695560,19,204
2235696712,14,339
2235696840,19,204
2235697992,14,339
2235698120,19,204
2235699272,14,340
2235699400,19,204
2235700552,14,339
2235700680,19,204
2235701832,14,339
2235701960,19,204
2235703112,14,339
2235703240,19,204
2235704392,14,339
2235704520,19,204
2235705680,14,339
2235705808,19,204
2235706960,14,340
2235707088,19,204
2235708240,14,339
2235708368,19,204
2235709520,14,339
2235709648,19,204
2235710800,14,339
2235710928,19,204
2235712080,14,339
2235712208,19,204
2235713360,14,339
2235713488,19,204
2235714640,14,340
2235714768,19,204
2235715920,14,340
2235716048,19,204
2235717200,14,340
2235717328,19,204
2235718480,14,339
2235718608,19,204
2235719760,14,340
2235719888,19,204
2235721040,14,339
2235721168,19,204
2235722320,14,340
2235722448,19,204
2235723600,14,340
2235723728,19,204
2235724880,14,339
2235725008,19,204
2235726160,14,339
2235726288,19,204
2235727440,14,340
2235727568,19,204
2235728720,14,339
2235728848,19,204
2235730008,14,339
2235730136,19,204
2235731288,14,340
2235731416,19,204
2235732568,14,340
2235732696,19,204
2235733848,14,339
2235733976,19,204
2235735136,14,339
2235735264,19,203
2235736416,14,340
2235736544,19,204
2235737696,14,339
2235737824,19,204
2235738976,14,339
2235739104,19,204
2235740256,14,340
2235740384,19,204
2235741536,14,340
2235741664,19,204
2235742816,14,339
2235742944,19,204
2235744104,14,339
2235744232,19,204
2235745384,14,339
2235745512,19,204
2235746664,14,339
2235746792,19,204
2235747944,14,340
2235748072,19,204
2235749224,14,339
2235749352,19,204
2235750504,14,340
2235750632,19,204
2235751784,14,340
2235751912,19,204
2235753064,14,340
2235753192,19,204
2235754344,14,340
2235754472,19,204
2235755624,14,339
2235755752,19,204
2235756904,14,339
2235757032,19,204
2235758184,14,339
2235758312,19,204
2235759464,14,339
2235759592,19,204
2235760744,14,340
2235760872,19,204
2235762024,14,340
2235762152,19,204
2235763304,14,339
2235763432,19,204
2235764584,14,340
2235764712,19,204
2235765864,14,340
2235765992,19,204
2235767144,14,340
2235767272,19,204
2235768424,14,340
2235768552,19,204
2235769704,14,339
2235769832,19,204
2235770984,14,339
2235771112,19,204
2235772264,14,339
2235772392,19,204
2235773552,14,340
2235773680,19,204
2235774832,14,339
2235774960,19,204
2235776120,14,340
2235776248,19,204
2235777400,14,339
2235777528,19,204
2235778680,14,339
2235778808,19,204
2235779960,14,340
2235780088,19,204
2235781248,14,340
2235781376,19,204
2235782528,14,339
2235782656,19,204
2235783808,14,340
2235783936,19,204
2235785088,14,340
2235785224,19,204
2235786376,14,340
2235786504,19,204
2235787656,14,340
2235787784,19,204
2235788936,14,340
2235789064,19,204
2235790216,14,340
2235790344,19,204
2235791496,14,340
2235791624,19,204
2235792776,14,339
2235792904,19,204
2235794056,14,339
2235794184,19,204
2235795336,14,339
2235795464,19,204
2235796616,14,339
2235796744,19,204
2235797896,14,339
2235798024,19,204
2235799184,14,340
2235799312,19,204
2235800464,14,339
2235800592,19,204
2235801744,14,340
2235801872,19,204
2235803024,14,339
2235803152,19,204
2235804304,14,339
2235804432,19,204
2235805584,14,340
2235805712,19,204
2235806864,14,340
2235806992,19,204
2235808144,14,339
2235808272,19,204
2235809424,14,340
2235809552,19,204
2235810704,14,339
2235810832,19,204
2235811992,14,340
2235812120,19,204
2235813272,14,339
2235813400,19,203
2235814552,14,340
2235814680,19,204
2235815832,14,339
2235815960,19,204
2235817112,14,340
2235817240,19,204
2235818392,14,339
2235818520,19,204
2235819680,14,340
2235819808,19,204
2235820960,14,340
2235821088,19,204
2235822240,14,339
2235822368,19,204
2235823520,14,340
2235823648,19,204
2235824800,14,340
2235824928,19,204
2235826080,14,340
2235826208,19,204
2235827360,14,340
2235827488,19,204
2235828640,14,340
2235828768,19,204
2235829920,14,340
2235830048,19,204
2235831200,14,340
2235831328,19,204
2235832480,14,340
2235832608,19,204
2235833760,14,339
2235833888,19,204
2235835040,14,340
2235835168,19,205
2235836320,14,340
2235836448,19,204
2235837728,19,204
2235838880,14,341
2235839008,19,205
2235840160,14,339
2235840288,19,204
2235841568,19,204
2235842720,14,340
2235842848,19,204
2235844000,14,340
2235844128,19,204
2235845280,14,340
2235845408,19,204
2235846560,14,340
2235846688,19,204
2235847840,14,340
2235847968,19,204
2235849120,14,340
2235849248,19,204
2235850400,14,339
2235850528,19,204
2235851680,14,340
2235851808,19,204
2235852960,14,339
2235853088,19,204
2235854240,14,339
2235854368,19,204
2235855520,14,340
2235855648,19,204
2235856800,14,340
2235856928,19,204
2235858080,14,339
2235858208,19,204
2235859360,14,340
2235859488,19,204
2235860640,14,339
2235860768,19,204
2235861920,14,340
2235862048,19,204
2235863200,14,340
2235863328,19,204
2235864480,14,340
2235864608,19,204
2235865760,14,340
2235865888,19,204
2235867040,14,340
2235867168,19,204
2235868320,14,340
2235868448,19,204
2235869600,14,340
2235869728,19,204
2235870880,14,340
2235871008,19,204
2235872160,14,340
2235872288,19,204
2235873440,14,340
2235873568,19,204
2235874720,14,339
2235874848,19,204
2235876008,14,340
2235876136,19,204
2235877288,14,340
2235877416,19,204
2235878568,14,339
2235878696,19,204
2235879848,14,340
2235879976,19,204
2235881128,14,340
2235881256,19,204
2235882408,14,340
2235882536,19,204
2235883688,14,340
2235883816,19,205
2235884968,14,340
2235885096,19,204
2235886248,14,340
2235886376,19,204
2235887528,14,340
2235887656,19,204
2235888808,14,340
2235888936,19,204
2235890088,14,340
2235890216,19,204
2235891368,14,340
2235891496,19,204
2235892648,14,340
2235892776,19,205
2235893928,14,340
2235894056,19,204
2235895208,14,339
2235895336,19,204
2235896496,14,341
2235896624,19,205
2235897776,14,340
2235897904,19,204
2235899056,14,340
2235899184,19,204
2235900336,14,339
2235900464,19,204
2235901616,14,340
2235901744,19,204
2235902896,14,340
2235904176,14,340
2235904304,19,204
2235905456,14,340
2235905584,19,204
2235906736,14,340
2235908016,14,340
2235908144,19,204
2235909296,14,340
2235909424,19,204
2235910576,14,340
2235910704,19,204
2235911856,14,340
2235911984,19,204
2235913136,14,339
2235913264,19,204
2235914424,14,340
2235914552,19,204
2235915704,14,340
2235915832,19,204
2235916984,14,340
2235917112,19,204
2235918264,14,340
2235918392,19,204
2235919544,14,340
2235919672,19,204
2235920824,14,340
2235920952,19,204
2235922104,14,340
2235922232,19,204
2235923384,14,341
2235923512,19,205
2235924664,14,340
2235924792,19,204
2235925944,14,339
2235926072,19,204
2235927224,14,340
2235927352,19,204
2235928504,14,340
2235928632,19,204
2235929784,14,340
2235929912,19,204
2235931064,14,340
2235931192,19,204
2235932344,14,340
2235932472,19,205
2235933624,14,340
2235933752,19,204
2235934904,14,340
2235935032,19,204
2235936184,14,340
2235936312,19,204
2235937464,14,340
2235937592,19,204
2235938744,14,340
2235938872,19,204
2235940024,14,340
2235940152,19,204
2235941304,14,340
2235941432,19,204
2235942584,14,340
2235942712,19,204
2235943864,14,340
2235943992,19,204
2235945144,14,340
2235945272,19,204
2235946424,14,341
2235946552,19,205
2235947704,14,340
2235947832,19,204
2235948984,14,340
2235949112,19,204
2235950264,14,340
2235950392,19,204
2235951544,14,342
2235951672,19,205
2235952824,14,341
2235952952,19,205
2235954104,14,341
2235954232,19,204
2235955384,14,340
2235955512,19,204
2235956664,14,341
2235956792,19,204
2235957944,14,340
2235958072,19,204
2235959224,14,340
2235959352,19,205
2235960504,14,339
2235960632,19,204
2235961784,14,339
2235961912,19,204
2235963064,14,340
2235963192,19,204
2235964344,14,340
2235964472,19,205
2235965624,14,340
2235965752,19,204
2235966904,14,340
2235967032,19,204
2235968184,14,340
2235968312,19,204
2235969464,14,340
2235969592,19,204
2235970744,14,340
2235970872,19,205
2235972024,14,340
2235972152,19,204
2235973304,14,340
2235973432,19,204
2235974584,14,340
2235974712,19,204
2235975864,14,340
2235975992,19,204
2235977144,14,340
2235977272,19,204
2235978424,14,340
2235978552,19,204
2235979704,14,340
2235979832,19,204
2235980984,14,340
2235981112,19,204
2235982264,14,340
2235982392,19,204
2235983544,14,340
2235983672,19,204
2235984824,14,340
2235984952,19,204
2235986104,14,340
2235986232,19,204
2235987384,14,340
2235987512,19,204
2235988664,14,340
2235988792,19,204
2235989944,14,341
2235990072,19,205
2235991224,14,340
2235991352,19,204
2235992504,14,339
2235992632,19,204
2235993784,14,339
2235993912,19,204
2235995072,14,339
2235995200,19,204
2235996352,14,339
2235996480,19,204
2235997632,14,339
2235997760,19,204
2235998912,14,340
2235999040,19,204
2236000192,14,340
2236000320,19,204
2236001472,14,340
2236001600,19,204
2236002752,14,340
2236002880,19,204
2236004032,14,340
2236004160,19,204
2236005312,14,340
2236005440,19,204
2236006592,14,340
2236006720,19,204
2236007872,14,339
2236008000,19,204
2236009152,14,339
2236009280,19,204
2236010432,14,340
2236010560,19,204
2236011712,14,340
2236011840,19,204
2236012992,14,340
2236013120,19,204
2236014272,14,340
2236014400,19,204
2236015552,14,340
2236015680,19,204
2236016832,14,340
2236016960,19,204
2236018112,14,340
2236018240,19,204
2236019392,14,339
2236019520,19,204
2236020680,14,340
2236020808,19,204
2236021960,14,340
2236022088,19,204
2236023240,14,340
2236023368,19,204
2236024520,14,340
2236024648,19,204
2236025800,14,340
2236025928,19,204
2236027080,14,340
2236027208,19,204
2236028360,14,340
2236028488,19,204
2236029640,14,340
2236029768,19,204
2236030920,14,340
2236031048,19,204
2236032200,14,340
2236032328,19,204
2236033480,14,340
2236033608,19,204
2236034760,14,340
2236034888,19,204
2236036040,14,340
2236036168,19,204
2236037320,14,340
2236037448,19,204
2236038600,14,340
2236038728,19,204
2236039880,14,341
2236040008,19,205
2236041160,14,340
2236041288,19,204
2236042440,14,340
2236042568,19,204
2236043720,14,340
2236043848,19,204
2236045000,14,341
2236045128,19,205
2236046280,14,340
2236046408,19,204
2236047560,14,340
2236047688,19,204
2236048840,14,339
2236048968,19,204
2236050128,14,340
2236050256,19,204
2236051408,14,340
2236051536,19,204
2236052688,14,341
2236052816,19,204
2236053968,14,340
2236054096,19,204
2236055248,14,340
2236055376,19,204
2236056528,14,340
2236056656,19,204
2236057808,14,340
2236057936,19,204
2236059088,14,340
2236059216,19,204
2236060368,14,340
2236060496,19,204
2236061648,14,340
2236061776,19,204
2236062928,14,340
2236063056,19,204
2236064208,14,340
2236064336,19,204
2236065488,14,340
2236065616,19,204
2236066768,14,340
2236066896,19,204
2236068048,14,340
2236068176,19,204
2236069328,14,340
2236069456,19,204
2236070608,14,340
2236070736,19,204
2236071888,14,340
2236072016,19,204
2236073168,14,340
2236073296,19,204
2236074448,14,340
2236074576,19,204
2236075728,14,340
2236075856,19,204
2236077008,14,340
2236077136,19,204
2236078288,14,340
2236078416,19,204
2236079568,14,340
2236079696,19,204
2236080848,14,340
2236080976,19,204
2236082128,14,340
2236082256,19,204
2236083408,14,341
2236083536,19,206
2236084688,14,340
2236084816,19,204
2236085968,14,340
2236086096,19,204
2236087248,14,340
2236087376,19,204
2236088528,14,341
2236088656,19,205
2236089808,14,341
2236089936,19,205
2236091088,14,341
2236091216,19,205
2236092368,14,341
2236092496,19,205
2236093648,14,341
2236093776,19,204
2236094928,14,340
2236095056,19,204
2236096208,14,340
2236096336,19,205
2236097488,14,340
2236097616,19,204
2236098768,14,340
2236098896,19,204
2236100048,14,341
2236100176,19,205
2236101328,14,342
2236101456,19,205
2236102608,14,340
2236102736,19,204
2236103888,14,340
2236104016,19,204
2236105168,14,340
2236105296,19,204
2236106448,14,340
2236106576,19,204
2236107728,14,340
2236107856,19,204
2236109008,14,340
2236109136,19,204
2236110288,14,341
2236110416,19,205
2236111568,14,340
2236111696,19,204
2236112848,14,340
2236112976,19,204
2236114128,14,341
2236114256,19,205
2236115408,14,341
2236115536,19,205
2236116688,14,340
2236116816,19,204
2236117968,14,340
2236118096,19,204
2236119248,14,340
2236119376,19,204
2236120528,14,340
2236120656,19,204
2236121808,14,340
2236121936,19,204
2236123088,14,340
2236123216,19,204
2236124368,14,339
2236124496,19,204
2236125648,14,340
2236125776,19,204
2236126928,14,340
2236127056,19,204
2236128208,14,340
2236128336,19,204
2236129488,14,340
2236129616,19,204
2236130768,14,340
2236130896,19,204
2236132048,14,340
2236132176,19,204
2236133328,14,340
2236133456,19,204
2236134608,14,340
2236134736,19,205
2236135888,14,341
2236136016,19,204
2236137168,14,340
2236137296,19,204
2236138448,14,340
2236138576,19,204
2236139728,14,341
2236139856,19,205
2236141008,14,340
2236141136,19,204
2236142288,14,340
2236142416,19,204
2236143568,14,340
2236143696,19,204
2236144848,14,339
2236144976,19,204
2236146128,14,340
2236146256,19,204
2236147408,14,340
2236147536,19,204
2236148688,14,340
2236148816,19,204
2236149968,14,339
2236150096,19,204
2236151248,14,339
2236151376,19,204
2236152528,14,340
2236152656,19,204
2236153808,14,340
2236153936,19,204
2236155088,14,340
2236155216,19,204
2236156368,14,340
2236156496,19,204
2236157648,14,340
2236157776,19,204
2236158928,14,340
2236159056,19,204
2236160208,14,340
2236160336,19,204
2236161488,14,340
2236161616,19,204
2236162768,14,340
2236162896,19,205
2236164048,14,340
2236164176,19,204
2236165456,19,204
2236166616,14,340
2236166744,19,204
2236167896,14,340
2236168024,19,204
2236169304,19,204
2236170456,14,340
2236170584,19,204
2236171736,14,339
2236171864,19,204
2236173016,14,339
2236173144,19,204
2236174296,14,340
2236174424,19,204
2236175576,14,340
2236175704,19,204
2236176856,14,340
2236176984,19,204
2236178136,14,340
2236178264,19,204
2236179416,14,339
2236179544,19,204
2236180696,14,340
2236180824,19,204
2236181976,14,340
2236182104,19,204
2236183256,14,340
2236183384,19,204
2236184536,14,340
2236184664,19,204
2236185816,14,340
2236185944,19,204
2236187096,14,340
2236187224,19,204
2236188376,14,340
2236188504,19,204
2236189656,14,340
2236189784,19,204
2236190936,14,340
2236191064,19,205
2236192216,14,339
2236192344,19,204
2236193496,14,340
2236193624,19,204
2236194776,14,340
2236194904,19,204
2236196056,14,340
2236196184,19,204
2236197336,14,340
2236197464,19,204
2236198616,14,340
2236198744,19,204
2236199896,14,340
2236200024,19,204
2236201176,14,340
2236201304,19,204
2236202456,14,340
2236202584,19,204
2236203736,14,340
2236203864,19,204
2236205016,14,340
2236205144,19,204
2236206296,14,340
2236206424,19,204
2236207576,14,340
2236207704,19,204
2236208856,14,340
2236208984,19,204
2236210136,14,340
2236210264,19,204
2236211416,14,340
2236211544,19,204
2236212696,14,340
2236212824,19,204
2236213976,14,340
2236214104,19,204
2236215256,14,340
2236215384,19,204
2236216536,14,340
2236216664,19,204
2236217816,14,340
2236217944,19,204
2236219096,14,340
2236219224,19,204
2236220376,14,339
2236220504,19,204
2236221656,14,340
2236221784,19,204
2236222936,14,340
2236223064,19,204
2236224216,14,340
2236224344,19,204
2236225496,14,340
2236225624,19,204
2236226776,14,340
2236226904,19,204
2236228056,14,340
2236228184,19,204
2236229336,14,340
2236229464,19,204
2236230616,14,340
2236231896,14,340
2236232024,19,204
2236233176,14,341
2236233304,19,205
2236234456,14,340
2236235736,14,340
2236235864,19,204
2236237016,14,340
2236237144,19,204
2236238296,14,340
2236238424,19,204
2236239576,14,341
2236239704,19,205
2236240856,14,340
2236240984,19,204
2236242136,14,340
2236242264,19,204
2236243416,14,341
2236243544,19,205
2236244696,14,339
2236244824,19,204
2236245976,14,339
2236246104,19,204
2236247256,14,340
2236247384,19,204
2236248536,14,340
2236248664,19,204
2236249816,14,340
2236249944,19,204
2236251096,14,339
2236251224,19,204
2236252376,14,340
2236252504,19,204
2236253656,14,339
2236253784,19,204
2236254944,14,340
2236255072,19,204
2236256224,14,340
2236256352,19,204
2236257504,14,339
2236257632,19,204
2236258784,14,340
2236258912,19,204
2236260064,14,340
2236260192,19,204
2236261344,14,340
2236261472,19,204
2236262624,14,340
2236262752,19,204
2236263904,14,340
2236264032,19,204
2236265184,14,340
2236265312,19,205
2236266464,14,340
2236266592,19,205
2236267744,14,340
2236267872,19,205
2236269024,14,340
2236269152,19,204
2236270304,14,340
2236270432,19,204
2236271584,14,340
2236271712,19,204
2236272864,14,340
2236272992,19,204
2236274144,14,340
2236274272,19,204
2236275424,14,340
2236275552,19,204
2236276704,14,340
2236276832,19,205
2236277984,14,340
2236278112,19,204
2236279264,14,340
2236279392,19,204
2236280544,14,340
2236280672,19,204
2236281824,14,340
2236281952,19,204
2236283104,14,340
2236283232,19,204
2236284384,14,340
2236284512,19,204
2236285664,14,340
2236285792,19,204
2236286944,14,340
2236287072,19,204
2236288224,14,340
2236288352,19,205
2236289504,14,340
2236289632,19,204
2236290784,14,340
2236290912,19,204
2236292064,14,340
2236292192,19,204
2236293344,14,340
2236293472,19,204
2236294624,14,340
2236294752,19,204
2236295904,14,340
2236296032,19,205
2236297184,14,340
2236297312,19,205
2236298464,14,339
2236298592,19,204
2236299744,14,340
2236299872,19,204
2236301024,14,340
2236301152,19,204
2236302304,14,340
2236302432,19,205
2236303584,14,340
2236303712,19,204
2236304864,14,340
2236304992,19,204
2236306144,14,340
2236306272,19,204
2236307424,14,340
2236307552,19,204
2236308704,14,340
2236308832,19,205
2236309984,14,340
2236310112,19,204
2236311264,14,340
2236311392,19,205
2236312544,14,340
2236312672,19,204
2236313824,14,340
2236313952,19,204
2236315104,14,340
2236315232,19,204
2236316384,14,340
2236316512,19,204
2236317664,14,340
2236317792,19,205
2236318944,14,340
2236319072,19,204
2236320224,14,340
2236320352,19,204
2236321504,14,340
2236321632,19,205
2236322784,14,340
2236322912,19,205
2236324064,14,340
2236324192,19,204
2236325344,14,340
2236325472,19,205
2236326624,14,340
2236326752,19,205
2236327904,14,340
2236328032,19,204
2236329184,14,340
2236329312,19,205
2236330464,14,340
2236330592,19,204
2236331744,14,340
2236331872,19,204
2236333024,14,340
2236333152,19,205
2236334304,14,340
2236334432,19,205
2236335584,14,340
2236335712,19,204
2236336864,14,340
2236336992,19,204
2236338144,14,341
2236338272,19,205
